amount,transaction_type,sender_id,receiver_id,time_hour,old_balance,new_balance,isFraud
1878.955193,DEBIT,3863,2932,15,4445.282531,1745.898512,0
4754.064389,CREDIT,2177,9556,16,5046.190246,7074.262752,0
3662.64977,PAYMENT,5760,5916,1,1172.801478,7117.77945,0
2997.305836,CREDIT,1011,6498,17,1690.617784,8983.552752,0
788.5330158,CREDIT,6252,1946,11,3518.050064,5826.861466,0
788.4126565,DEBIT,5399,2439,18,7616.758762,1241.073677,0
299.8372247,CREDIT,9234,8730,22,5070.824241,1214.149055,0
4332.218967,DEBIT,6445,5857,17,6379.018746,7211.323574,0
3009.563909,TRANSFER,7570,1340,16,9851.745551,1837.846651,0
3543.282163,TRANSFER,9212,1382,5,7680.054353,3283.854996,0
112.7166265,DEBIT,1406,9491,14,4343.614981,4872.120069,0
4849.850162,TRANSFER,5431,1138,2,4464.419218,247.6487758,0
4163.888778,PAYMENT,6243,1358,5,6187.72077,2488.19027,1
1069.572162,CREDIT,7542,5931,2,6653.652084,4078.896085,0
917.3065864,PAYMENT,7936,4456,0,5007.109258,2796.363185,0
925.1885042,CREDIT,9906,2627,12,6448.612228,1363.703275,0
1528.168792,TRANSFER,5146,7626,20,235.3249441,7280.122578,0
2628.534594,PAYMENT,1140,6004,13,4296.228639,8131.476552,0
2165.405643,TRANSFER,5882,7652,12,2789.380761,2574.789761,0
1463.23341,CREDIT,7012,7416,3,1291.744452,7744.194946,0
3063.145945,DEBIT,1963,4170,6,995.4651281,3855.535644,0
706.0743647,DEBIT,8151,4835,21,6031.921656,5066.857909,0
1467.801796,PAYMENT,9564,9017,9,5236.005472,8560.010749,0
1838.145598,TRANSFER,4610,3151,6,2535.84117,7499.536818,0
2285.789221,TRANSFER,7894,7905,20,4709.500588,8051.168513,0
3928.028047,PAYMENT,8311,3834,14,4922.323152,1368.451666,0
1006.372173,DEBIT,1105,3567,14,1950.089804,697.1942583,1
2576.029848,CREDIT,6539,2307,3,6520.930619,8934.047291,1
2966.148699,PAYMENT,7787,9848,22,7809.193564,3878.342696,0
241.7875595,CREDIT,3137,3660,22,7914.635409,2878.796781,1
3041.648811,DEBIT,5445,4730,5,6024.698307,7246.962543,0
860.9153772,TRANSFER,4530,7207,23,5116.385825,8364.155966,1
334.607449,DEBIT,2286,4162,19,610.0714301,8624.896219,0
4744.938831,PAYMENT,8052,2140,4,2878.312989,3159.971411,0
4828.503845,TRANSFER,4654,9458,19,932.7144678,8522.123912,0
4043.902767,PAYMENT,8102,2708,11,9638.231609,409.3394437,0
1530.022708,PAYMENT,3359,4630,0,1350.801462,496.6149146,0
497.3838489,DEBIT,9105,4211,7,1517.754099,6235.191952,0
3424.322802,PAYMENT,9636,7538,0,8895.766183,631.0636912,0
2206.360944,DEBIT,7441,1475,4,9439.282835,3246.091685,0
618.9707919,TRANSFER,6047,8684,21,7658.290392,6727.559862,0
2480.932781,DEBIT,9227,2207,5,54.04923673,3372.668961,0
181.5987204,TRANSFER,6203,2960,20,13.46270957,1795.997814,0
4547.508806,DEBIT,2798,1557,2,3781.007698,2813.506219,0
1301.312108,CREDIT,6291,1882,14,1433.9537,4575.753323,0
3315.986199,CREDIT,6495,5761,4,183.8614215,4753.858554,0
1565.43827,PAYMENT,7284,6867,23,4640.666894,7830.002313,0
2605.139426,DEBIT,8285,7963,13,9430.618974,7501.532294,0
2738.084294,DEBIT,2300,8166,17,3238.195749,4568.178046,0
932.4237331,TRANSFER,7869,8929,15,6611.406784,8456.673491,0
4848.227293,PAYMENT,4097,6347,5,6522.353531,1142.371386,0
3877.912789,DEBIT,5616,8269,23,2510.801037,2553.533502,0
4698.099718,PAYMENT,1009,9125,13,6504.252488,8279.764635,0
4475.188479,CREDIT,6752,3454,23,2123.339743,3779.940386,0
2993.520894,DEBIT,7295,5494,7,1220.074136,9811.815588,0
4610.152433,DEBIT,5815,2946,6,7013.832856,4662.532815,0
451.5775852,PAYMENT,2072,3808,7,1134.408171,7919.35623,0
987.9544835,DEBIT,4225,7642,12,9969.092186,4023.070414,0
235.6841717,PAYMENT,2316,4825,5,1834.524012,4249.535191,0
1633.398351,DEBIT,6699,4536,17,5941.418628,3828.831473,0
1949.499676,TRANSFER,7807,7068,1,4113.745714,7190.756205,0
1364.031669,PAYMENT,7674,4802,7,1263.864224,5475.178841,0
4145.400171,DEBIT,4683,5699,10,278.4390758,9437.781114,0
1790.1991,CREDIT,8227,2970,0,6227.322823,2508.903165,0
1411.863203,DEBIT,4273,6806,21,8067.575638,1005.627321,0
2718.053455,CREDIT,8000,7142,5,8420.156615,3932.614851,0
713.2118826,CREDIT,1145,3819,15,4827.134731,6167.127076,0
4012.962934,TRANSFER,6010,1364,19,7774.554672,8607.989369,1
382.007712,PAYMENT,4040,5258,11,6728.471335,3461.968867,0
4934.565814,DEBIT,1482,4119,10,7242.545275,6537.867511,0
3863.501399,TRANSFER,4179,2863,9,4925.990052,3501.98681,0
1001.591251,DEBIT,2249,1115,2,6334.117402,6172.19583,1
37.55536445,CREDIT,1630,8084,12,8055.259136,8848.07947,0
4079.152528,PAYMENT,9853,9016,2,3978.841756,2313.576423,0
3537.218146,DEBIT,3852,3384,14,8059.789009,4042.416421,0
3647.745769,DEBIT,1987,4935,15,5920.168428,9932.651964,1
3858.63903,CREDIT,8622,8742,12,1659.010244,8685.570282,0
379.4828122,DEBIT,8327,6442,16,246.8415722,5646.398579,0
1798.743985,DEBIT,9841,3490,2,3627.536004,5166.275919,0
588.186607,CREDIT,2100,7980,19,5466.963283,2846.003823,0
4316.886095,TRANSFER,7652,8661,10,8398.203522,5172.094277,0
3120.257653,CREDIT,9632,2724,20,1274.856801,8481.814983,0
1661.181144,TRANSFER,8421,9182,18,8002.063477,6851.745133,0
327.1561679,PAYMENT,6016,3767,21,8630.090461,2900.440282,0
1561.801785,TRANSFER,1769,2137,10,1506.87487,2014.639211,0
1632.664777,TRANSFER,2343,5117,15,8515.943193,2652.08537,0
3650.73483,PAYMENT,5358,4420,20,9914.535678,1697.592014,0
3191.411782,TRANSFER,7780,6845,2,7268.38831,956.4069602,0
4437.191585,CREDIT,7602,5778,21,7847.696818,4191.361744,0
2366.352477,TRANSFER,3349,4906,5,9944.152676,1132.996044,0
606.7752872,PAYMENT,6699,4637,13,6054.812505,1719.125577,0
3569.091488,CREDIT,2241,3953,23,3078.86382,5473.246843,0
3806.317393,PAYMENT,2125,6929,17,8375.308341,1645.992737,0
2810.773216,PAYMENT,7764,1276,16,6144.857775,638.7976743,0
3857.126228,DEBIT,6101,2999,3,5811.954237,3173.8885,0
2474.040026,DEBIT,8843,2227,22,2536.355555,2203.190986,0
2618.436819,PAYMENT,1072,7337,14,7563.342696,5153.05188,0
2143.429682,PAYMENT,6472,4735,10,816.6727586,1023.670846,0
136.8414425,PAYMENT,6189,1695,2,9242.870708,7517.707877,0
548.3782207,DEBIT,3472,5152,2,3258.234608,9062.335194,0
166.8316366,DEBIT,1707,8901,15,1277.746528,7434.35174,0
3185.687952,TRANSFER,2804,8470,4,4423.665331,5328.270374,0
1578.636346,TRANSFER,7704,8537,20,424.6990926,8606.678218,0
2547.767749,PAYMENT,4713,3841,9,6846.261943,6949.183798,0
4538.756705,CREDIT,6051,5208,18,9027.055104,105.5112245,0
1253.968223,CREDIT,3475,9733,3,8372.630071,3940.901528,0
2057.810786,DEBIT,4610,2088,18,1273.694734,8509.518994,0
3780.200181,DEBIT,5255,4363,10,1262.711371,3458.58858,0
1151.702846,DEBIT,8397,1024,1,8134.344823,352.1517353,0
394.12975,PAYMENT,2735,7144,9,9242.542746,7461.796386,1
1455.85975,CREDIT,9258,6668,10,4606.698298,8020.382703,1
814.4942234,TRANSFER,8979,5236,19,4989.711169,1605.93695,0
4649.191285,PAYMENT,3428,9068,15,3182.620414,5373.404968,0
4042.520694,TRANSFER,8426,3235,18,8942.651183,1919.55439,0
3170.684745,TRANSFER,9533,8295,22,6449.029053,7192.34419,0
4358.588345,PAYMENT,6249,9392,23,2882.515772,2715.504552,0
4020.323664,TRANSFER,6291,9448,10,2987.828711,3162.151226,1
940.9845938,CREDIT,3817,4747,13,8912.000731,8449.708536,0
4463.869402,TRANSFER,4874,4175,1,136.3402391,4763.223522,0
2701.317787,CREDIT,5211,5897,22,3227.265727,6697.544512,0
4039.126374,CREDIT,1661,6037,4,5543.566812,4023.730507,0
4481.495587,CREDIT,4374,8427,4,1482.174621,2980.068572,0
1596.83734,DEBIT,1207,9605,18,920.987542,6254.780604,0
559.1591034,TRANSFER,3665,3014,20,8152.763311,1548.575741,0
1147.396461,PAYMENT,3493,2381,11,8944.043886,3729.998356,0
2141.267865,PAYMENT,7813,2098,17,8236.064208,2090.370374,1
4091.893682,TRANSFER,1632,4426,3,8987.878897,6957.949669,0
4305.04561,DEBIT,4083,4655,21,5531.119711,9442.088383,0
44.69113135,DEBIT,4719,8938,16,8122.58121,9955.10968,0
2558.62904,CREDIT,8123,1187,9,3840.426384,4502.768104,0
2092.880906,TRANSFER,2679,6409,19,6662.678615,2525.303896,0
1118.317974,TRANSFER,1236,3092,5,9888.355314,4428.293704,1
608.128183,PAYMENT,8446,3130,13,2257.277238,8472.6941,0
1694.699705,TRANSFER,5443,6242,10,3898.997463,2060.056786,0
4715.119423,DEBIT,7770,9549,10,4800.473773,9520.956517,0
1622.782631,TRANSFER,7099,6647,17,1380.15487,3418.657688,0
2598.765202,PAYMENT,9555,6185,22,810.3861047,9858.036595,0
3518.064605,CREDIT,3368,6776,21,8297.228663,8386.088875,0
1824.511716,PAYMENT,1285,8913,17,9767.943728,8085.705341,0
4859.192593,PAYMENT,1148,8547,23,4047.250638,3179.046738,0
4812.612002,CREDIT,5037,8823,22,876.4983619,87.77211948,0
1266.393656,PAYMENT,7549,8355,10,658.1176069,3821.329088,1
2491.270044,PAYMENT,8121,7465,20,8913.182064,3018.093697,1
1511.382766,TRANSFER,5895,2497,11,4638.142497,373.9699041,0
1431.354067,TRANSFER,6280,3555,4,3200.273166,5053.652565,0
194.0658673,CREDIT,2012,6409,22,4764.612712,4030.313113,0
3051.726027,TRANSFER,3785,3951,8,3183.040947,6345.564677,0
2518.368326,TRANSFER,4725,2238,8,4890.357753,6211.863222,1
266.8789687,PAYMENT,5576,5727,21,8595.563969,1207.466359,0
1400.445857,DEBIT,6782,4965,9,5923.013711,9769.655461,0
4542.246771,TRANSFER,7257,6686,21,6946.537728,1869.314294,0
1205.413834,DEBIT,3408,4701,18,3646.706762,4452.740248,0
733.0254117,TRANSFER,1340,3780,0,7385.058785,4881.175434,0
2452.369274,TRANSFER,3817,8398,6,6666.170849,8130.627972,0
4928.395766,CREDIT,3496,2588,3,1195.619978,992.2959609,0
1217.855805,CREDIT,6962,3368,0,5726.428531,4286.442792,0
3363.956382,CREDIT,6299,6789,14,2567.434963,6285.021702,0
3810.48188,DEBIT,8574,1436,7,8040.956696,2151.556216,0
1195.811345,PAYMENT,2689,3828,11,4259.377085,6274.678988,0
3643.79958,TRANSFER,4267,2556,21,9946.841652,9236.648375,0
1845.237832,TRANSFER,5406,8570,21,925.0043794,9975.181312,0
3165.206095,TRANSFER,9453,8480,17,7803.478627,324.5107679,0
3171.313257,DEBIT,2442,1182,14,6737.017335,2355.882282,0
2683.515674,CREDIT,9597,8190,16,7674.988306,3103.071158,0
460.5459526,PAYMENT,5437,7687,13,3075.297955,3991.261004,0
4178.159453,DEBIT,6435,6565,13,4920.544894,2422.571576,0
1610.692524,CREDIT,9435,8241,17,7965.085197,2034.879946,0
940.7273669,DEBIT,5107,8651,19,2325.413316,9545.538424,0
213.4679564,PAYMENT,1560,6575,17,2260.331968,9185.216028,0
2958.555787,CREDIT,9785,2589,15,5510.509533,469.92501,1
3391.046166,DEBIT,6548,9851,0,5235.635795,3388.130216,0
92.77326635,PAYMENT,2826,1159,22,2822.624704,4051.485537,0
2565.344361,TRANSFER,8629,7555,10,2980.756505,2390.145347,0
1140.213918,PAYMENT,9325,9244,14,2778.451632,6288.72897,1
3229.412224,TRANSFER,4138,7846,11,7715.12062,6403.807466,0
880.0884807,DEBIT,8693,3307,7,6519.008656,8505.042283,0
3457.779313,CREDIT,9264,2228,21,8324.171834,7408.692684,0
1939.809378,CREDIT,8842,8226,19,9754.730283,5425.73327,0
4684.282644,DEBIT,7721,6590,5,4741.642963,6535.8677,0
696.2295113,CREDIT,8002,7919,2,666.9388141,2739.887815,0
1711.921092,CREDIT,5225,6585,23,480.9231041,5930.5619,0
576.232871,TRANSFER,3978,7046,12,2956.650393,4892.272547,0
4624.221155,DEBIT,8373,5945,12,9325.445894,1333.444673,0
4387.923373,PAYMENT,6907,8927,1,5232.13055,2425.442766,0
1297.128722,TRANSFER,7097,8016,4,2717.865161,2916.934507,1
3303.32039,DEBIT,6656,8758,16,3991.667945,9243.095671,0
4087.938779,TRANSFER,9984,6086,5,5985.951074,2303.866394,0
2780.45205,PAYMENT,5259,8161,1,6529.496581,2892.439028,1
2652.956386,PAYMENT,9286,2884,3,1539.195098,3693.541301,0
1216.842932,DEBIT,6901,2809,21,9770.316765,6637.427386,0
474.5828114,PAYMENT,5917,4167,10,5447.72227,1182.383925,0
4487.106632,TRANSFER,9429,7352,7,1356.883178,9539.452125,0
4503.086105,PAYMENT,3530,7056,11,8936.352533,8655.712201,0
3169.176272,TRANSFER,2960,3437,7,746.3843108,5772.16073,0
1701.758657,TRANSFER,8045,7468,10,9077.354332,6740.378674,0
1752.555777,PAYMENT,2048,6951,21,9965.656563,166.6047124,0
3632.518838,DEBIT,6772,6276,19,7004.317992,3389.447753,0
4486.580197,CREDIT,3529,9859,7,7704.472211,7956.602307,0
4436.561257,PAYMENT,3964,8818,7,3373.028365,774.8297379,0
3901.578974,TRANSFER,8137,5728,16,9415.768527,2823.138342,0
3213.737914,TRANSFER,1963,3624,19,5297.139661,5852.968283,0
429.8584253,PAYMENT,1536,6738,19,7323.884466,2564.130277,0
816.5272833,DEBIT,8340,5232,22,9241.077159,9339.779741,0
4493.785401,DEBIT,8179,6793,15,9751.79976,1310.586308,0
3036.081008,TRANSFER,8967,5523,13,8332.043566,7973.943579,0
55.89328757,TRANSFER,9734,6571,10,3030.17507,5079.486919,0
516.3429989,DEBIT,1845,3224,6,9665.475166,7503.307758,1
3320.873828,CREDIT,6777,9389,15,6281.195312,3107.153283,0
35.25730339,PAYMENT,4036,7091,12,9306.424764,5144.896023,0
812.4321766,TRANSFER,6947,9662,14,6761.050258,8568.353497,0
2748.181609,TRANSFER,3494,7361,23,3072.389618,4668.780991,0
3462.557036,DEBIT,3719,2948,15,3700.245241,3597.198619,0
3263.286685,PAYMENT,2884,8094,20,5504.717771,5361.553863,0
1129.103854,DEBIT,5349,7318,22,7900.148416,7173.62753,0
3563.774315,PAYMENT,6179,4796,23,3179.825513,4435.633455,0
1193.872947,PAYMENT,7610,1234,8,5797.311661,9388.769751,1
1633.744494,PAYMENT,7430,4607,2,3456.249936,2949.45824,0
3734.992112,TRANSFER,8154,9043,18,8157.694046,4754.636062,0
3251.668166,CREDIT,7488,1522,19,4667.280938,7569.276593,0
4247.624818,DEBIT,5737,6904,4,767.2282685,6891.210905,0
3291.488333,CREDIT,7525,5888,9,1660.525215,8636.410524,0
2845.859931,DEBIT,4850,6832,16,611.0466762,9968.091807,0
477.4370915,PAYMENT,1689,8122,14,4993.02946,4268.583288,0
1844.901857,TRANSFER,6175,6842,22,1063.372973,1111.508798,0
1333.359815,CREDIT,9648,2316,7,1141.399693,304.1588081,0
1227.50832,TRANSFER,6078,2124,14,9410.4826,7268.769061,0
4865.322668,DEBIT,6448,6621,20,8726.550722,8740.136713,0
1971.557646,TRANSFER,2179,6423,13,4520.865968,2207.125859,0
4461.31231,TRANSFER,7406,3587,19,9858.053209,1584.480372,0
3159.381744,CREDIT,9591,6672,6,1.865281707,622.0509153,0
3976.108405,PAYMENT,7907,2378,20,6139.794563,8227.029217,0
2518.159095,TRANSFER,9800,4374,22,6164.281774,3113.819399,0
2888.750384,PAYMENT,2638,2519,11,4574.430559,4016.968928,0
2467.663292,DEBIT,6671,6777,16,3969.479729,5027.501916,0
984.2625091,TRANSFER,7928,8935,16,4553.831355,8394.532342,0
3615.036055,CREDIT,2382,7093,9,4149.604361,6508.332216,0
1411.054089,DEBIT,2403,9418,18,7304.924775,6150.646299,0
131.3366725,DEBIT,4292,6355,13,1353.55435,1756.721,0
3230.906757,CREDIT,1419,5968,10,1976.392206,5131.898917,0
893.7822902,TRANSFER,5517,6574,1,1805.182284,7153.810172,0
4702.888336,TRANSFER,4302,5072,17,2624.705851,9732.60883,1
4770.103599,DEBIT,8857,3257,6,5252.584188,2014.063092,0
4575.173307,TRANSFER,8870,9588,11,1112.087473,95.43353067,0
1857.091914,PAYMENT,6693,5424,1,8681.692953,753.014336,0
87.12851648,CREDIT,1767,4237,19,2973.615313,3758.524652,0
4642.309627,PAYMENT,3044,4893,17,1625.379875,8205.446477,1
2146.6389,TRANSFER,2549,3005,5,6756.213096,71.42081768,0
4833.607547,DEBIT,7140,3016,23,380.863006,4567.305929,0
4818.463686,CREDIT,4716,2772,9,6199.685649,3292.306153,0
4266.517183,TRANSFER,5481,9353,19,6981.984307,524.817101,0
1479.299971,TRANSFER,8898,4976,14,2149.165314,4502.362867,1
1931.637666,DEBIT,7548,2751,4,419.6407344,2547.487073,1
4257.171991,DEBIT,3293,9967,19,3636.453589,3518.848343,0
1591.440806,PAYMENT,5837,8430,2,985.9423024,7056.153048,0
855.768806,CREDIT,8758,8170,4,1164.778497,5215.509839,0
2788.4383,CREDIT,7793,7469,7,2542.612314,1246.47429,0
4681.412323,DEBIT,8638,4220,7,2954.679246,9614.145404,0
3483.188685,PAYMENT,8993,1539,7,5299.70341,6359.107657,0
2854.605239,CREDIT,7007,2461,11,6783.918855,7658.684257,0
494.9107039,DEBIT,6542,6184,23,5927.709409,792.1315001,0
3078.886061,TRANSFER,7356,9547,22,1483.603373,470.5837946,0
4950.368712,CREDIT,9433,1234,7,1720.860325,194.4805037,0
709.019236,PAYMENT,8380,2548,10,8787.692498,1887.940278,0
2596.464965,PAYMENT,3385,8480,13,5583.523151,4144.083977,0
4388.091629,PAYMENT,5268,5213,7,8699.378329,9358.261334,0
3706.435403,TRANSFER,1671,2673,23,3715.465113,4570.596593,0
3488.108548,CREDIT,1163,7708,9,6144.000074,2902.551054,0
3515.395579,CREDIT,9656,8982,6,5236.634161,5619.352535,1
1803.860845,TRANSFER,5592,3100,16,3191.234898,1119.345781,0
1475.023303,CREDIT,5795,4748,3,4699.15372,6095.05891,0
4048.712166,TRANSFER,5798,4173,12,5024.908768,5684.319543,0
4052.465839,TRANSFER,7036,2815,3,2007.709748,7919.930334,0
4336.69087,TRANSFER,3355,4841,4,3150.103724,9866.876116,0
4567.070357,PAYMENT,6887,9016,21,7914.097505,2508.734717,0
2561.59857,CREDIT,8961,8011,3,9157.882395,5096.564508,0
2512.56631,TRANSFER,6827,5493,17,3597.940935,9088.654063,0
3993.492943,CREDIT,9737,1674,5,3069.722822,7851.898844,0
3253.320015,PAYMENT,5719,9088,23,1951.971646,4874.063031,0
3512.814718,TRANSFER,1593,9578,23,6784.911687,9453.716496,0
3981.00542,DEBIT,5839,3158,22,3230.997017,572.3669352,0
4451.126656,PAYMENT,8394,3661,21,9877.495391,9309.986197,0
1696.595833,DEBIT,4493,3064,1,3256.848021,505.0739238,0
1884.158934,CREDIT,7164,4253,22,3941.360468,5473.047441,0
478.9698798,CREDIT,3672,5979,10,6033.341962,8904.40948,0
2895.617904,PAYMENT,5200,8703,13,8016.842932,2627.209436,0
189.3519462,CREDIT,1016,9931,4,4695.186653,4722.484989,0
2333.33411,DEBIT,4191,2401,5,4226.560338,3243.288791,0
2717.796727,TRANSFER,1392,4259,9,9956.378336,9521.439171,0
1439.840848,TRANSFER,9616,4923,7,104.9364114,8236.455948,0
2958.25797,TRANSFER,7272,5214,13,8950.652889,7090.015113,0
162.1962472,PAYMENT,1571,4227,23,1491.408259,5876.269866,0
196.3674619,CREDIT,4631,3745,2,7859.252762,8205.917893,0
4114.776798,DEBIT,7172,7091,11,6179.315598,3922.670415,0
1807.351301,CREDIT,8177,4866,15,3418.472855,4475.518551,0
644.0319581,CREDIT,9433,6818,22,8738.749555,7300.017211,0
2615.993868,CREDIT,4897,3222,16,129.0722798,3577.547633,1
3852.26783,TRANSFER,9123,3792,0,2266.906521,639.0094205,1
1086.946927,DEBIT,3279,5063,22,5668.927962,743.3460889,0
3118.223474,DEBIT,9980,2524,9,3515.4226,1153.628013,0
435.8838503,CREDIT,8451,9224,22,6103.774953,8696.813233,0
267.8917886,TRANSFER,9906,7198,9,241.1019341,4722.264258,0
2661.459612,TRANSFER,1775,5025,20,1164.589305,7128.823693,0
2707.769257,DEBIT,7869,3566,23,1270.962402,3929.093356,0
3190.775208,TRANSFER,3247,3803,1,1892.836459,2587.109474,0
3633.195755,TRANSFER,8088,4709,8,4593.314408,3471.921676,0
4879.501877,TRANSFER,1078,7155,21,7521.286995,7941.823453,1
2586.338738,PAYMENT,9080,1719,12,9055.388379,6252.16125,0
1621.5528,CREDIT,8099,7516,15,8353.725303,9376.3978,0
3977.979112,DEBIT,4926,5579,17,1968.878718,6797.047786,0
1361.452934,DEBIT,8340,1972,18,4411.505522,5701.816318,0
2200.467389,PAYMENT,8083,4718,11,1994.115978,6101.96009,0
401.4973429,CREDIT,7230,8395,7,2644.718167,9423.714395,0
136.5002096,DEBIT,5940,5402,16,5035.469815,7882.009299,0
4813.615589,TRANSFER,4271,5552,14,681.0902472,240.4123737,0
4181.540801,DEBIT,4456,3207,9,2181.743296,5341.396961,0
3482.911288,TRANSFER,8788,5426,14,9353.781613,6883.384115,0
2050.675193,PAYMENT,9599,7919,14,4661.162927,7486.984784,0
874.7386572,TRANSFER,8650,9835,22,4453.86526,2131.421193,0
790.6208429,DEBIT,3711,9386,6,145.6715475,8671.773545,0
1258.712062,DEBIT,2668,9680,12,2473.997471,9558.431472,0
2750.641057,DEBIT,1147,3204,16,8662.92436,2367.153058,0
3575.833654,PAYMENT,7420,6345,8,1646.284283,8826.154575,0
3304.38491,PAYMENT,1365,4276,7,4151.249395,969.7876252,0
1406.870146,CREDIT,5531,2102,19,143.3090587,557.0683612,0
4774.777751,DEBIT,6330,6243,20,4783.354817,1292.238001,0
3692.105614,TRANSFER,6510,7614,17,210.2110673,577.4107947,0
2776.226722,PAYMENT,9754,9707,12,8196.095531,8450.122372,0
3062.486524,DEBIT,9964,6223,15,8248.537675,590.5014446,0
2103.804312,DEBIT,7493,9584,8,7877.421883,2716.641914,0
1246.177638,PAYMENT,6439,1630,11,2833.640689,1037.563435,0
1786.303666,CREDIT,7511,7683,11,8372.372182,2954.220363,0
3791.652091,PAYMENT,8504,1277,5,5429.981326,905.594676,0
81.82350826,PAYMENT,2246,1232,18,3738.081089,6680.032507,0
589.2024761,TRANSFER,4839,6690,6,6253.299597,1333.268163,0
239.5531837,TRANSFER,9551,8659,2,123.4104606,8518.459258,0
213.2367236,CREDIT,3376,1025,15,1429.608776,8171.910507,0
4278.748314,DEBIT,4009,8468,17,7422.935382,136.6168547,0
3521.252718,PAYMENT,2827,7410,15,2441.616087,8957.263555,0
2376.127407,CREDIT,7979,9652,22,5980.091173,289.4431674,0
498.1924616,TRANSFER,9569,4764,6,3851.026028,2396.45785,0
2463.163217,PAYMENT,5285,7599,3,8548.057788,323.8913778,1
2372.624136,DEBIT,7910,6102,7,9524.15306,3358.43487,0
874.2773309,TRANSFER,9561,8006,12,8835.647284,5138.665257,0
2174.91973,TRANSFER,3196,4483,12,2706.199947,7966.44869,0
1998.538625,TRANSFER,4747,2994,16,1941.62869,3379.815505,0
3083.091989,CREDIT,9843,9682,16,4744.348936,7054.900247,0
3179.117318,DEBIT,6978,2072,4,73.34150836,1875.044571,1
236.0670088,PAYMENT,6607,7707,5,258.0939286,7505.984567,0
1879.316947,CREDIT,1769,1215,18,5532.906396,2359.966059,0
3133.040979,CREDIT,1780,8605,12,5204.494042,1435.447559,0
2520.64993,CREDIT,7303,3606,13,9945.81989,1854.088504,0
4283.884308,TRANSFER,4983,9350,21,2018.418354,1820.631289,0
3296.881222,DEBIT,9714,5781,3,2581.039292,5128.628794,0
823.0427911,CREDIT,1521,4313,6,1135.406423,8447.975812,0
362.1380495,PAYMENT,8569,8763,7,9175.430097,796.0507699,0
3215.672198,DEBIT,6784,6939,12,7778.112445,7069.563185,0
142.2914396,PAYMENT,5583,3295,5,8223.391115,6543.464597,0
2933.020151,DEBIT,6946,6685,5,9027.63788,8725.199518,0
4701.748905,PAYMENT,5941,2696,23,5248.999867,2441.475605,0
2881.616148,TRANSFER,7267,2946,20,4511.931915,4501.098587,0
1946.967932,CREDIT,8128,3783,2,3303.914737,9258.273744,0
3220.00821,PAYMENT,3461,4644,2,5892.146143,6599.934501,0
2296.681924,DEBIT,1685,6241,12,4542.783968,3887.684129,0
2732.627779,CREDIT,3160,7420,21,4515.655866,1314.123829,0
4707.909396,CREDIT,8031,8557,1,9369.278637,2624.850079,0
1936.652163,DEBIT,6341,3645,15,9840.315143,5812.154775,0
4806.340913,PAYMENT,1038,7589,21,7964.843893,7181.679476,0
4527.699703,TRANSFER,5875,7353,5,7567.580902,1244.218869,0
986.9977626,TRANSFER,2256,2932,7,6805.581618,5995.9726,0
356.1128914,PAYMENT,8697,2757,22,1660.748523,5503.512788,1
512.8822269,CREDIT,3196,6085,7,591.0582088,5139.554467,0
100.92691,CREDIT,8165,6637,5,6907.263151,6901.231177,0
481.2703742,CREDIT,1301,2116,13,7287.862223,8374.495951,0
3418.203799,CREDIT,8527,1492,2,469.729911,3229.896832,0
365.2313558,PAYMENT,7381,9811,9,9280.517502,8890.121901,0
1601.688395,CREDIT,1646,8888,2,911.4063944,1606.336126,0
4225.927802,DEBIT,9789,7474,11,2859.005338,1730.238698,0
126.1269593,CREDIT,9853,5958,16,6723.898128,2667.720636,0
4074.197728,TRANSFER,5330,3743,4,1698.725944,1195.308695,0
1416.455326,CREDIT,8003,8866,19,554.1588844,2303.192247,0
599.6424898,PAYMENT,4537,8160,8,3311.464892,1064.117629,0
3486.718455,TRANSFER,5558,6451,20,7659.715749,8217.52417,0
3148.424805,PAYMENT,7579,6258,19,4136.78679,1389.689919,0
4388.585347,PAYMENT,9474,9548,6,6529.729219,7472.975576,0
3678.004509,TRANSFER,5082,8186,21,5796.190972,479.1386791,0
4019.369843,PAYMENT,5183,7102,3,222.1848203,9485.203275,0
1417.352517,PAYMENT,9652,1619,12,9885.39987,7111.600875,0
895.4233235,CREDIT,4754,1882,12,414.2808882,67.96548586,0
3755.567611,DEBIT,2724,9988,9,9678.027376,7638.565002,0
4036.105349,PAYMENT,2376,4642,17,5498.641784,5140.819208,1
4952.620659,PAYMENT,9706,2296,16,9631.590271,7793.651703,1
2068.962208,PAYMENT,9894,9436,19,1147.535994,5224.968089,0
1866.370248,CREDIT,2653,3895,19,4904.085192,6410.248576,1
3884.300674,DEBIT,3066,7593,12,1695.040919,7863.316554,0
1710.609666,TRANSFER,1022,1929,16,509.7487702,4051.080546,0
4654.479055,CREDIT,3460,6366,21,6175.291151,27.0814982,0
4293.479632,CREDIT,6926,9711,3,2077.83421,8499.464959,0
2150.680197,DEBIT,7251,4212,0,5876.970183,3808.903626,0
3756.846628,DEBIT,8295,3409,0,1123.644819,4960.42726,0
3775.168942,CREDIT,4300,9199,14,3319.864714,77.66642154,0
524.5881055,TRANSFER,7279,4423,12,7816.325581,4920.920104,0
4513.739004,CREDIT,9553,7976,16,4370.515218,9864.874016,0
2531.209339,DEBIT,8353,8594,23,6277.454149,2782.676608,0
4134.022756,TRANSFER,4727,6158,7,6474.579407,3954.182702,0
1607.047509,DEBIT,7272,4667,17,8437.55044,6871.899965,0
4478.66091,TRANSFER,6995,6973,12,3249.227944,8147.936675,1
1952.116377,PAYMENT,1514,7236,22,6872.955626,4173.91624,0
64.07988089,DEBIT,1448,9277,13,9616.15807,3096.688704,0
4527.856062,DEBIT,7019,3468,7,7302.433344,9378.258,0
465.5205172,CREDIT,6343,7217,7,4898.704767,6771.449667,0
1603.375052,DEBIT,9033,4619,14,6307.174445,1190.213045,0
4750.809216,DEBIT,3520,2636,12,7396.828978,689.2787813,0
4753.529663,PAYMENT,4081,9155,6,6122.757657,4835.498508,0
2871.455062,DEBIT,2428,4583,4,166.7581349,2200.90066,0
3162.867689,PAYMENT,4967,5009,16,1947.734977,2539.847534,0
2247.743155,PAYMENT,7445,4326,15,8104.682172,8776.921788,0
1473.121751,PAYMENT,3159,9148,22,2726.506473,895.6602432,0
1650.036081,PAYMENT,6132,3217,1,7315.621196,7153.641152,1
3365.867096,TRANSFER,3547,5967,21,3721.202152,2711.422534,0
3764.348902,CREDIT,3979,3369,17,5218.843282,7603.282214,0
3959.979428,TRANSFER,3649,4638,16,679.7329982,7224.113845,0
3950.194533,DEBIT,9505,6722,6,1812.25561,73.91901444,0
465.1184542,TRANSFER,4083,5444,12,9571.969635,5091.354129,0
2477.15732,TRANSFER,2037,8618,17,8901.380534,1393.194824,0
297.2182125,DEBIT,4489,4947,13,6522.751109,8662.270306,1
2752.149123,DEBIT,8604,2676,17,4596.445974,8715.858829,0
2213.237202,DEBIT,8544,2196,12,6757.612929,4183.458075,0
4439.643872,TRANSFER,3634,3787,10,6186.102891,4443.956185,0
1761.065913,TRANSFER,4983,8432,20,5685.522556,3032.829394,1
594.164412,DEBIT,2778,8927,20,591.7707186,7166.06299,1
723.5284934,CREDIT,8902,4318,15,6328.026107,3586.61363,0
3809.938052,CREDIT,6110,9858,22,7689.200446,2677.924745,0
3094.908136,PAYMENT,6189,7689,16,9940.816546,4322.310595,0
514.6021539,DEBIT,8378,3176,7,110.7855259,914.8751839,0
429.6929625,PAYMENT,2124,4743,18,7301.734533,7466.032046,0
3507.835966,CREDIT,1697,9792,19,5717.893159,125.9640127,1
373.0874018,PAYMENT,3179,5422,14,4340.521761,6444.850615,0
4111.081696,DEBIT,6251,4824,8,1275.701746,1828.645268,0
3534.148714,DEBIT,2929,3451,19,4090.851486,2324.040462,0
415.9304154,DEBIT,2013,1628,9,3543.77183,6356.319986,0
433.3401933,TRANSFER,1226,8778,11,3028.29889,9929.434658,0
4933.331497,PAYMENT,8321,4696,20,7308.796233,7777.174891,0
1877.611271,CREDIT,2828,4674,22,7007.255213,2258.396322,0
1859.504314,CREDIT,8909,4929,19,5890.20091,1760.24755,0
4065.869841,CREDIT,6588,3765,0,9386.648133,8662.328703,0
4736.770401,TRANSFER,3023,5369,19,3498.543842,4441.839479,0
4930.145308,TRANSFER,5966,9307,8,2438.019377,1370.528028,0
3769.357144,DEBIT,6891,5956,21,6559.033131,8622.114233,0
1887.535332,CREDIT,2080,1692,14,1988.140609,8160.923529,0
426.6685763,TRANSFER,6036,4162,0,3150.105072,9839.063639,0
3887.96311,DEBIT,3563,2105,11,2246.024401,9097.436867,0
2796.437206,CREDIT,4292,4008,2,691.5356772,8517.903387,1
2126.867826,PAYMENT,4586,3161,10,8274.987416,525.7439781,0
4532.708382,DEBIT,5431,9345,1,2545.405429,1044.153695,0
564.8754367,TRANSFER,7841,4699,15,4730.275033,5689.831943,0
2468.19927,TRANSFER,7643,4786,8,433.1527325,5314.792463,0
66.65468739,DEBIT,4959,5200,14,6993.394663,4579.632145,0
2348.616604,DEBIT,1161,2913,11,3305.610023,3967.893254,0
290.9533457,TRANSFER,1593,6520,0,7447.367278,4312.104849,0
602.9014022,PAYMENT,4390,2772,12,4124.030605,5692.979341,0
596.4559714,CREDIT,6997,3780,13,1957.556064,20.765176,0
3249.559408,PAYMENT,7354,8423,7,5131.750823,2607.087741,0
3732.763948,DEBIT,1663,3871,7,1305.045596,5182.797207,0
2921.010138,PAYMENT,1541,1660,11,4405.391599,7222.160987,0
4811.241017,TRANSFER,6433,7242,0,3173.054774,1741.566924,0
1880.604192,DEBIT,6093,2132,10,9119.595842,5468.811738,0
1435.703311,CREDIT,1867,1699,7,609.2872172,7144.596839,0
4344.30965,TRANSFER,9623,8470,9,6940.174141,4446.276579,1
1125.743234,TRANSFER,6469,7297,18,1827.51166,270.8113367,0
4816.480472,CREDIT,7256,8812,10,3190.450743,4492.681585,0
70.6508287,CREDIT,2169,5557,6,4155.140631,2964.448877,0
4849.695345,PAYMENT,1830,3179,10,9080.150894,9296.496077,0
225.3679606,DEBIT,2651,9275,16,2425.782661,1246.133857,0
4456.804137,CREDIT,2136,2422,0,913.0880254,6524.759555,0
2643.228534,CREDIT,3810,4180,20,3186.89604,527.1976633,0
4964.894333,DEBIT,9667,5316,20,1046.759705,4461.704378,0
378.244858,CREDIT,2019,7696,7,1285.96486,5539.794872,0
2773.732879,CREDIT,6237,1614,22,5738.50598,2979.549313,0
4846.819653,PAYMENT,2283,5570,23,609.019331,4550.756355,1
2620.258242,TRANSFER,1659,1270,5,309.3088139,1635.537945,0
3150.699204,TRANSFER,3010,3468,21,7144.141015,3041.238495,0
3481.785958,TRANSFER,9590,4607,17,3616.470948,6211.063249,1
2278.159913,TRANSFER,2733,4075,5,1253.753492,3018.000559,0
3141.51482,CREDIT,3125,1289,4,2536.127709,8997.430784,1
2925.728416,DEBIT,3171,9120,12,6420.865074,6284.069576,0
4506.778472,DEBIT,9266,7614,18,2755.365671,4386.490184,0
236.7774379,PAYMENT,4471,4252,21,4945.211251,387.5693555,0
1412.006316,PAYMENT,6624,8415,7,1216.953067,4995.483352,0
4752.553306,CREDIT,9691,7771,8,5880.936376,7647.762421,0
4452.416282,DEBIT,9329,1278,16,3160.776838,2655.57598,0
2283.727196,DEBIT,3097,1580,2,6269.684345,8067.735696,0
3104.461663,TRANSFER,6068,5958,18,8083.948823,2518.067661,0
1394.132103,CREDIT,7397,9445,10,6116.464194,8237.46388,0
948.724587,CREDIT,3757,5276,23,2957.475626,852.6834161,0
2323.855041,TRANSFER,4920,8997,16,2557.437015,8661.837089,0
1773.227618,CREDIT,9186,5776,20,3274.209587,4991.864509,0
2922.443998,CREDIT,2900,1824,18,1646.205132,2965.375896,0
397.8958385,PAYMENT,3610,4832,1,1811.718509,2651.132504,0
4872.23009,DEBIT,7900,9891,7,7906.911019,4320.105589,0
4931.191615,CREDIT,2449,6445,18,3847.325765,9990.494981,0
3493.826953,PAYMENT,9738,2380,6,4359.951806,2203.273934,0
2685.120868,DEBIT,6017,7534,16,5940.494656,1032.166489,0
1554.542805,TRANSFER,8999,4156,5,5896.534952,5850.351687,0
4070.837148,PAYMENT,7052,5307,18,673.7687152,4885.424664,0
3426.808551,PAYMENT,3096,6634,23,8315.407863,5241.962711,1
821.4585273,DEBIT,9895,9575,5,1773.265532,6669.354176,0
4555.526651,TRANSFER,7404,6810,1,7230.71636,2671.440699,1
4114.460842,PAYMENT,4331,9533,5,7726.709881,9106.649954,0
4749.501567,CREDIT,8462,6934,22,7148.995341,4356.720661,0
3631.340347,CREDIT,6105,4109,4,5789.776466,1290.861951,0
3070.941828,CREDIT,3978,5082,18,146.0899711,7422.987567,0
2097.032751,TRANSFER,3839,4240,19,3603.754924,6431.043526,0
4664.315132,PAYMENT,4384,7028,3,6048.394294,3157.434025,0
4331.658809,CREDIT,1685,2849,21,3874.512959,6215.18724,1
235.6411638,TRANSFER,8531,9497,16,8634.798949,2198.619564,0
141.5712027,CREDIT,5283,3749,10,3088.022753,4448.393593,0
1888.552201,DEBIT,8736,7680,3,2935.347925,8994.125222,0
4054.661121,PAYMENT,8710,1205,12,2659.976931,1335.342332,0
4936.507885,PAYMENT,2619,8352,19,3327.80869,3866.9645,0
760.5802866,TRANSFER,7868,5591,16,5574.049643,8211.424247,0
2974.71227,TRANSFER,2431,4450,8,7070.152943,9694.908994,0
1910.645375,PAYMENT,5713,8214,3,6625.679177,4539.261364,0
4849.872845,CREDIT,5998,4811,22,8077.1782,5069.996201,0
4212.173426,CREDIT,1162,6141,13,8859.139955,5721.719618,0
4193.260237,DEBIT,2974,9501,18,8160.790423,9323.481416,0
2348.778867,CREDIT,4291,3708,2,189.4540337,8582.06791,0
2079.949317,TRANSFER,9461,2991,13,7359.179536,1706.011246,0
1374.301289,TRANSFER,1631,9463,7,2083.995736,4367.578178,0
291.3137283,CREDIT,1905,4273,23,1329.280427,4640.004282,0
4324.964658,TRANSFER,3014,5538,0,6384.887848,7890.961116,0
4066.376036,PAYMENT,8896,9712,9,3197.431954,6028.928826,0
4998.59119,PAYMENT,1204,4722,17,571.1716337,6542.20462,0
4983.217817,CREDIT,1581,4551,15,1376.297344,9981.999077,0
2781.604211,PAYMENT,6675,3832,7,9.2941687,749.6004347,0
3847.247202,PAYMENT,6347,6679,0,9032.236273,2230.098235,0
4724.380992,DEBIT,3643,7579,11,246.1798384,4078.959374,0
4249.740479,DEBIT,9017,1152,7,2094.557695,3477.82403,1
1244.267028,PAYMENT,3297,6754,23,4162.627807,216.4556135,0
2258.215235,CREDIT,1874,3800,15,3565.71326,917.7760647,0
654.5054816,DEBIT,6560,6310,17,9117.258769,6809.532914,0
4770.714626,TRANSFER,1689,3610,3,402.8894573,8793.244634,0
3034.811426,TRANSFER,5000,2104,5,5122.147077,5142.270113,0
1150.927599,TRANSFER,1671,8361,11,6804.794625,5391.910795,0
3361.786415,CREDIT,8927,5199,8,9316.979737,2550.934328,0
3094.45992,PAYMENT,2171,4854,14,6203.712521,7678.763636,1
1797.231963,TRANSFER,6591,8263,15,8037.55236,7517.945874,0
576.6523851,CREDIT,7342,2914,23,837.2493785,5883.656892,0
3361.150246,DEBIT,2449,8365,11,3859.395109,2126.642865,0
2606.335428,PAYMENT,3539,4072,23,3739.471345,970.1821824,0
3863.868775,DEBIT,4959,1406,22,8862.882165,642.3857586,0
2605.615871,CREDIT,7285,1166,13,1513.711713,5926.960666,0
4262.385687,TRANSFER,6432,1508,12,1518.861723,8250.353191,0
2764.015125,TRANSFER,5260,2661,1,3285.581499,8583.304318,0
2809.080478,CREDIT,3361,4664,2,544.6604737,4636.220743,0
4384.501477,TRANSFER,7164,4489,23,1824.580407,7842.712993,0
2023.379502,PAYMENT,4670,1680,21,9652.096385,9468.801963,0
678.73599,CREDIT,2753,3524,9,4281.839399,2751.701125,0
153.6255548,DEBIT,9100,3120,8,6320.192084,3979.603464,0
3778.134906,CREDIT,2938,6260,19,7261.112593,9314.789926,0
3105.344661,PAYMENT,9562,5357,7,3669.61407,3382.309673,0
3523.358043,PAYMENT,6976,2363,9,1472.270744,9138.762903,0
1072.691166,CREDIT,7588,3292,18,2065.810162,9810.448623,0
690.4936632,CREDIT,9616,2538,2,3132.664766,6618.107286,1
82.57788168,TRANSFER,7304,4408,23,6360.684204,8168.902895,1
1759.431918,PAYMENT,8345,8742,4,3982.805491,7495.455642,1
2953.689257,CREDIT,8875,9752,2,68.146979,6995.342576,0
1967.297785,CREDIT,7633,2903,15,5234.071851,3069.31073,0
2192.999861,PAYMENT,1597,1174,16,9215.133919,570.9433791,0
4521.751886,CREDIT,4062,3230,14,8120.77611,3430.517325,0
1747.79478,TRANSFER,3336,5287,2,8252.113713,6669.359852,0
2574.807551,PAYMENT,1572,5160,11,7950.580176,1025.291982,0
3920.428534,TRANSFER,8521,8106,8,3237.308256,119.1798298,0
1988.748484,TRANSFER,7171,4171,20,7651.938338,1396.923726,0
3114.212634,TRANSFER,8097,2567,11,1431.613578,7157.359264,0
4313.194907,TRANSFER,3090,2151,14,6577.161473,9727.937017,0
4748.107912,PAYMENT,7566,8619,1,6415.685667,9830.646996,0
743.8966698,TRANSFER,5624,7033,22,255.6979909,4939.791491,1
4633.67225,TRANSFER,2633,9560,17,7879.701336,8693.52301,1
2465.660302,CREDIT,2517,5946,19,9032.481051,7368.264558,0
1298.639498,PAYMENT,4648,9234,11,2674.152785,5010.40237,0
2301.087424,PAYMENT,2537,2907,22,8123.907242,5727.60533,0
4900.362551,DEBIT,4137,4490,3,824.0597186,1372.271466,0
2468.164289,PAYMENT,7985,3535,22,5999.678583,9376.614606,0
1650.470535,PAYMENT,1097,5173,15,4856.468653,3519.297707,1
3170.670263,DEBIT,4750,2293,22,5459.235333,4461.492565,0
1208.326638,PAYMENT,9535,5769,15,9262.052019,6716.60231,0
388.5580073,PAYMENT,9174,5796,0,8713.152472,3339.024715,0
653.1098123,PAYMENT,9103,7871,21,7850.836572,2542.59161,1
648.9487364,PAYMENT,6413,3972,1,2736.984577,6310.493933,0
767.9944406,DEBIT,5666,4922,2,9118.186287,249.8408228,0
702.7475915,PAYMENT,1610,5997,20,975.0769246,7207.25112,0
3207.964977,PAYMENT,2727,8032,19,8533.292166,5140.233699,0
917.5816212,DEBIT,2854,1992,16,3281.600724,6057.537305,0
1734.879744,CREDIT,6055,9112,19,537.7231166,6318.801592,1
4484.974165,TRANSFER,3324,6287,21,6693.569842,5270.501565,0
2375.068585,CREDIT,6774,3240,20,2312.799283,5825.337774,0
3341.113115,DEBIT,7519,2476,0,2435.711259,6837.882009,0
869.8761573,TRANSFER,2749,7426,19,3060.471662,7531.188472,0
969.5222039,DEBIT,1781,1389,5,636.847675,7274.523913,0
213.9343952,DEBIT,8548,1999,14,1771.271442,8696.164577,0
852.9859647,PAYMENT,7823,2855,13,51.39627586,1894.434332,0
1400.165792,TRANSFER,3105,9125,19,4454.095211,4011.479695,0
893.2823165,PAYMENT,4867,9850,14,842.5537742,9477.96066,0
452.6256434,TRANSFER,8193,3763,13,6826.52605,3965.905744,0
611.9729968,DEBIT,5976,4663,20,2356.228512,1248.700769,0
2309.286052,DEBIT,3113,5986,23,9435.74144,5254.451264,0
1039.605255,CREDIT,6879,2481,4,8712.516274,1094.909726,0
1827.706607,TRANSFER,4970,8256,5,2894.40895,2028.532387,0
2522.052182,PAYMENT,8264,4731,16,7832.154547,9983.187566,0
3455.070195,CREDIT,2577,8262,10,8032.449047,5413.626384,0
206.1675778,CREDIT,3274,1451,15,9865.631141,2840.58389,1
3999.057891,CREDIT,5869,4093,11,5978.399868,9947.749546,0
3143.222944,PAYMENT,7744,1882,14,819.6573464,9665.589186,0
417.9775694,CREDIT,3426,5408,22,6468.372289,4407.390411,1
4369.157334,PAYMENT,6546,5068,3,6249.797484,2604.031088,0
4605.153279,CREDIT,7852,4277,17,6383.505774,8383.996381,0
314.7790197,PAYMENT,3551,9566,20,3071.456481,7156.20717,0
1391.619464,DEBIT,7411,8951,2,8596.795851,6869.41435,0
4032.944386,DEBIT,1007,5690,21,9594.72183,8931.137413,0
3743.815855,DEBIT,9087,5595,7,2177.12513,6894.171339,0
930.7598866,DEBIT,3555,5559,22,881.5215814,2837.97943,0
1054.653123,DEBIT,1475,8291,2,1945.350332,6938.631619,0
1858.655793,CREDIT,6416,9160,7,8205.521393,3058.135113,0
2427.769696,CREDIT,9676,1112,17,6766.446348,7592.389797,0
3095.09131,CREDIT,8239,6131,9,6360.473423,6197.478545,0
1850.879061,PAYMENT,7710,4197,19,4017.931351,774.1155198,0
2318.048234,PAYMENT,6000,1139,16,5778.279715,5128.353624,0
3739.879981,PAYMENT,5654,2424,7,3078.741253,3433.009692,0
193.0491824,PAYMENT,9078,3949,22,4772.000794,3285.706327,0
1269.660352,DEBIT,7063,4168,10,7930.630284,6022.563024,0
3569.614434,DEBIT,3285,9708,4,9812.415975,3223.248245,0
4477.08212,DEBIT,6223,7043,12,9324.889236,7768.937482,0
2563.270436,TRANSFER,7971,7989,20,9338.659428,707.9143601,0
2665.246291,CREDIT,4525,8236,22,4022.237348,6603.882524,0
544.7883366,PAYMENT,3822,7261,4,4687.898805,8091.948037,0
2242.58771,PAYMENT,5943,1887,23,7056.353964,6728.316899,0
2667.76016,DEBIT,7530,4104,12,9221.919281,4972.29195,0
1219.927813,PAYMENT,1258,1049,5,1419.942594,9503.070137,0
1353.523722,PAYMENT,1282,4951,4,3042.418638,2999.384898,0
1892.647974,CREDIT,2898,4560,8,1392.468446,191.6788752,0
110.1552769,DEBIT,5135,1018,15,6120.0853,4319.893715,1
1617.175036,CREDIT,7629,5821,1,3063.009969,330.119359,0
1065.125555,TRANSFER,4200,7340,0,3261.078525,9539.367525,0
1644.211787,TRANSFER,6110,9058,7,709.1595949,2099.180457,0
607.6130378,TRANSFER,8167,3606,18,3497.960618,7889.270239,0
4453.731131,DEBIT,1612,8846,10,8624.965074,7745.720832,1
2972.026343,PAYMENT,1687,9643,11,2330.728119,2177.288997,0
3398.720573,DEBIT,4690,7432,11,6951.874662,6212.265305,0
3947.964481,DEBIT,9804,4765,6,6296.283449,480.7896849,0
2497.226573,PAYMENT,3307,3438,12,8634.846084,4835.745857,1
443.7322376,CREDIT,8133,7358,7,1322.879477,146.4712727,0
2690.161644,TRANSFER,7509,9319,21,9775.899603,9211.438802,0
2938.337179,CREDIT,6906,6941,8,5826.28646,9760.860242,0
3729.742976,TRANSFER,3591,8644,6,9954.741523,2222.827666,0
2163.981136,DEBIT,8183,5855,20,9115.147259,2081.060346,1
646.6257109,TRANSFER,6248,7547,23,2215.172721,7537.201766,0
1426.04177,DEBIT,9766,8196,14,561.620099,2533.793988,0
1821.780659,CREDIT,6108,6911,1,2556.390938,8950.765592,0
3233.127034,DEBIT,4604,7481,22,5275.63649,5739.291361,0
2858.18374,CREDIT,1669,3761,19,1715.963671,3507.77623,1
1786.922662,PAYMENT,5364,5456,11,1674.597445,8326.937463,0
4932.711091,PAYMENT,8329,7361,0,4625.935471,4934.067004,0
3032.816349,PAYMENT,2283,6693,22,332.6797117,9116.329137,0
1193.761691,DEBIT,1923,6788,21,1218.880825,9280.142367,0
517.8945384,PAYMENT,2125,1201,7,4158.613394,1654.201521,0
772.7671045,TRANSFER,2529,7160,4,631.2990921,23.23406132,0
1237.329065,CREDIT,9438,1517,14,3967.550565,9839.309401,0
811.8000526,CREDIT,4711,8737,0,4740.062659,9061.375361,0
940.96945,TRANSFER,9004,2988,0,4512.666141,554.452357,0
1432.624892,DEBIT,7274,4802,9,8691.748574,8330.342639,1
875.1342405,DEBIT,4864,6808,21,5300.624551,4578.049326,0
4484.859469,CREDIT,8833,8162,9,4679.804625,2589.61605,0
410.3663909,PAYMENT,7788,7241,20,4107.092454,8787.465237,1
2627.311834,DEBIT,1226,9399,14,8176.233783,1966.672324,0
2057.880167,DEBIT,1264,6633,16,8950.56604,9472.999994,0
4912.069298,TRANSFER,1645,6755,21,8532.424692,2056.214877,0
569.0741218,TRANSFER,8544,7309,5,6735.465781,6136.831877,0
1995.299439,PAYMENT,6569,5117,2,1373.61746,2230.863345,0
4847.657462,DEBIT,3990,9345,12,2768.699695,5456.68665,1
4328.880558,DEBIT,3504,2518,15,460.6306368,6839.751299,0
4087.189634,TRANSFER,1587,7163,7,9308.24075,1902.279308,0
1296.935107,DEBIT,5079,3600,14,6607.985297,5208.857827,0
862.7290611,CREDIT,4348,3195,16,7463.628843,4690.597444,0
3346.529667,TRANSFER,7299,4554,16,3115.717396,710.374214,1
4647.586186,PAYMENT,4831,3849,21,8456.535223,8183.078177,0
2788.246836,TRANSFER,9381,2742,12,2596.032837,3356.824006,0
2862.34732,DEBIT,2715,2306,16,16.43757112,5745.821976,0
1407.095677,PAYMENT,7450,4849,5,3764.149625,5147.842349,0
3849.769737,TRANSFER,6433,8519,16,5707.61481,5132.605046,0
943.3483053,CREDIT,2098,5195,15,4787.04858,1072.223942,0
1625.15939,CREDIT,8096,6178,13,8620.761426,4234.820092,0
2132.927829,TRANSFER,3326,3555,12,1054.05286,4523.667592,0
2542.97579,CREDIT,7416,3305,5,5538.234406,7336.428404,0
1219.624565,CREDIT,7980,8619,2,5129.793498,8400.188319,0
583.0357554,CREDIT,7763,3642,13,2813.929822,5449.822781,0
3056.994012,PAYMENT,2674,7409,13,8222.281126,867.8295406,0
1450.266461,CREDIT,8950,5757,14,7528.486559,2368.494706,0
2910.378725,CREDIT,9915,3994,7,7328.591873,1649.340269,0
780.2699492,CREDIT,7049,9751,14,8761.924783,1246.150632,0
2410.889108,PAYMENT,2089,2271,21,7227.846006,3658.992986,0
2667.621268,TRANSFER,5578,2813,12,2318.412917,2293.935022,0
268.5994487,DEBIT,1155,9801,16,7055.627116,2183.031118,0
1689.655348,CREDIT,2958,3461,20,3077.028134,546.9317458,0
680.7292379,TRANSFER,7344,5120,23,2421.746503,176.700448,0
326.2411027,CREDIT,6779,7124,2,730.035929,1027.682426,1
4949.90156,PAYMENT,7144,9475,5,7440.285803,1721.974794,0
1618.545686,TRANSFER,6063,5396,4,7110.009619,4309.837288,0
4051.273485,PAYMENT,4830,1816,21,2344.994777,5105.202613,0
1280.656867,CREDIT,9831,8304,16,7493.790167,1405.919182,0
3410.698584,CREDIT,7659,8331,22,9178.408831,4247.833415,1
3803.537021,PAYMENT,1441,1082,1,1080.289575,3417.488423,0
2982.237316,DEBIT,7040,2920,14,2326.366384,1834.236435,0
2363.165181,PAYMENT,6925,8817,4,7502.607941,68.40748148,0
2065.086162,CREDIT,8358,3093,19,2745.066735,4670.178665,0
1750.85265,PAYMENT,5628,8071,5,6246.639743,6856.517493,0
4648.35043,DEBIT,7370,8967,5,811.6422446,2262.773341,0
4154.790845,PAYMENT,1948,9367,17,4522.024791,1318.068299,0
4825.484284,DEBIT,9179,6285,17,7390.91422,8870.427444,0
630.2431452,DEBIT,7115,5937,3,6865.13943,2750.247725,0
3657.028701,PAYMENT,1459,1369,16,8150.721007,2236.126198,0
4692.31888,PAYMENT,8568,2818,13,8774.521266,8570.969396,0
914.3530002,TRANSFER,5646,3101,13,7731.835013,8171.070992,0
341.8163742,CREDIT,1392,4490,12,6715.877429,4483.464705,0
3708.19204,DEBIT,2787,2779,6,317.2249182,4892.388614,0
2876.620835,TRANSFER,8374,8674,11,5349.666734,2177.487048,0
4210.725596,PAYMENT,2138,2364,22,376.9772491,783.0167048,0
707.4641594,CREDIT,5741,8294,14,8080.678171,5734.318254,0
3978.383886,TRANSFER,8418,4676,18,3207.245245,983.4492159,0
1016.120327,DEBIT,7362,3426,10,5624.293741,4492.74547,0
826.6431549,TRANSFER,3454,9264,14,2794.453073,9404.971985,0
829.6863317,DEBIT,4674,9089,11,7825.001444,9528.343892,0
4074.727854,PAYMENT,2377,3962,2,8865.025266,2393.322865,1
3329.334131,CREDIT,7701,1859,16,3986.424942,6241.1342,0
2620.09647,CREDIT,3597,5138,2,8629.223935,4740.762641,0
1800.564116,CREDIT,1141,3424,18,2670.750075,8756.851276,0
4387.230699,PAYMENT,3659,5017,19,5346.609231,2714.308643,0
1968.301086,DEBIT,5596,9560,3,8587.614298,37.02406832,1
4084.831203,PAYMENT,6661,9342,2,3258.813426,1625.612059,0
2201.283194,CREDIT,7142,2134,15,9540.422651,3495.228012,0
1890.952703,PAYMENT,6626,6166,11,1218.795018,3157.211298,0
2318.77213,PAYMENT,9787,6119,7,182.7506972,7913.629191,0
1513.875592,PAYMENT,9472,6694,23,9041.353526,6805.606661,1
3740.570807,DEBIT,1423,7136,16,686.4866615,2995.563196,0
2518.574747,TRANSFER,7999,6485,6,9918.891959,4577.438172,0
1168.741349,TRANSFER,5249,5164,10,9513.96862,955.5910396,0
4498.877121,PAYMENT,2750,3346,17,1370.2091,8981.464448,0
1925.617195,TRANSFER,5757,6039,0,5375.846257,9354.248244,0
2722.328777,TRANSFER,2967,5897,2,1849.202975,9798.035354,0
4533.295834,PAYMENT,5088,9252,3,4281.55173,8685.528308,0
3124.9476,PAYMENT,5178,6041,12,614.2512926,1739.608877,0
593.3212231,CREDIT,8789,4901,5,2239.245878,461.964832,0
4699.762297,TRANSFER,3946,2337,13,3632.727964,5795.967274,0
3142.263185,DEBIT,6394,2184,4,4386.475002,9126.050269,0
1681.179017,PAYMENT,8880,5426,15,9774.962582,1773.513617,0
704.9676426,CREDIT,6075,2551,14,8078.656457,70.42914624,0
3972.185694,DEBIT,8230,2629,14,7374.099443,8054.96046,0
3104.163052,TRANSFER,2531,2526,3,5370.413147,767.9568429,0
2671.970849,CREDIT,3990,2361,7,8399.977606,4137.060319,0
4470.523989,PAYMENT,8155,5370,15,3393.228357,6788.873372,0
3945.100084,DEBIT,5493,6283,15,7088.991128,2367.975855,0
766.8576499,PAYMENT,1933,8610,3,9937.839754,839.6256345,0
1565.493118,TRANSFER,2460,2993,12,3146.289089,7700.212285,0
1249.960808,DEBIT,3723,1869,12,6740.175349,6301.750849,1
3722.292,TRANSFER,1285,2014,1,8443.148642,9884.904845,0
177.3268493,TRANSFER,1264,1602,2,9158.075834,3443.080333,0
2853.749528,CREDIT,7816,1690,21,7179.326909,617.6238629,0
3814.668842,PAYMENT,2762,9685,7,2836.079234,7343.500353,0
4385.060527,DEBIT,1040,1489,23,3262.821516,5217.334189,0
1716.987926,TRANSFER,6827,7864,14,207.5803212,2132.039314,0
4108.07395,TRANSFER,9259,8240,10,7608.859777,7817.28989,0
562.0523674,DEBIT,1987,8786,8,427.3960606,2037.554858,0
4233.796936,TRANSFER,8804,9024,6,8646.523546,2606.616548,0
646.168425,CREDIT,8789,1294,12,1186.606145,925.2855437,1
1992.46358,CREDIT,6717,6488,1,1718.765121,3994.32279,1
3988.503875,CREDIT,4198,5027,7,4765.264708,4189.292239,0
758.0879625,CREDIT,6374,3912,6,7378.804152,5145.617903,0
1153.964462,TRANSFER,5790,5744,23,1390.022052,7089.642671,0
3614.040316,DEBIT,8183,2873,11,4400.710751,9061.009287,0
3602.982317,DEBIT,3524,4258,18,4828.512744,1377.340989,0
3209.326688,DEBIT,3479,3817,6,2122.856417,543.4809835,1
3472.802738,DEBIT,6154,9636,9,1155.583767,185.3123359,0
2718.194972,PAYMENT,1778,4641,15,8364.20923,1436.213781,0
1266.477304,DEBIT,2492,5458,2,5024.656498,6579.494858,0
1735.023008,PAYMENT,1660,6307,9,143.8123598,7274.77078,0
916.1726068,PAYMENT,2348,9933,5,8029.813013,7865.057135,0
4543.168301,CREDIT,8851,3041,17,9807.938054,2437.082119,1
2921.125056,PAYMENT,8156,1679,17,6059.261954,3058.948133,0
2010.24857,TRANSFER,3044,6738,4,5037.083871,4831.346456,0
2315.40896,PAYMENT,8368,6668,20,8784.15863,631.8309686,0
4736.943865,CREDIT,4516,8697,6,9525.167897,6111.415232,0
775.2235015,PAYMENT,5577,9033,1,7545.369159,9837.350337,0
2935.286862,TRANSFER,1727,1062,10,4454.529297,3608.063114,0
2534.384508,TRANSFER,8468,8829,12,5922.213993,7528.474751,0
3061.156635,TRANSFER,1342,8352,22,7009.35365,5000.339156,0
100.3698173,CREDIT,2447,7915,4,1942.73571,1278.118444,1
4361.898306,CREDIT,7581,9326,5,4472.010322,5822.374488,0
4661.27023,DEBIT,7317,4644,23,8298.212647,2998.742684,0
2830.014586,CREDIT,1526,5970,13,6547.253485,344.0320845,1
3486.287611,TRANSFER,7748,9003,11,4112.040672,6349.297301,0
4613.271912,TRANSFER,1405,4278,3,6633.62534,8589.323493,0
3539.120785,CREDIT,8986,8296,22,1182.224121,3447.697669,0
771.1698241,PAYMENT,4740,4074,5,4014.976106,3902.955472,1
2885.678917,CREDIT,2846,9312,9,7931.28538,8910.21683,0
3037.508081,CREDIT,2478,8552,17,2205.087871,8136.088134,0
2126.41205,TRANSFER,1771,2637,14,1859.615076,7149.528236,0
3684.856736,DEBIT,6525,6103,7,9508.186599,2487.970638,0
4672.491404,TRANSFER,9770,1644,8,2098.976296,9102.16655,0
4628.586879,DEBIT,1193,3032,4,2609.185797,1544.157575,0
2259.688463,TRANSFER,3007,3761,9,9696.159389,6267.705194,0
575.0578487,CREDIT,2185,3068,19,7347.085703,288.0118055,0
4924.357583,TRANSFER,3394,1241,5,6995.96533,6437.198063,0
4196.101451,TRANSFER,5005,3668,15,8529.263839,2771.443519,0
632.0667792,TRANSFER,8429,1802,23,1158.230822,4496.769772,0
4605.000994,CREDIT,3261,6059,2,7059.562366,3452.645521,0
4350.782847,CREDIT,4736,1195,9,5036.886093,1727.567562,0
2599.001905,CREDIT,7716,3187,10,8291.506403,6219.807901,0
2960.464424,CREDIT,5875,3330,10,5081.417187,8819.755551,0
2001.023492,DEBIT,9921,5841,16,6202.413543,9590.842423,0
283.2605777,DEBIT,5378,4606,3,4777.421264,1923.463632,0
1682.634236,PAYMENT,8815,9468,3,4781.589236,7173.727741,0
4016.238709,CREDIT,4451,1060,16,7679.699781,6643.393666,0
33.11379479,DEBIT,8616,4927,8,6285.664006,3433.777896,1
1674.160867,TRANSFER,3800,7296,18,6332.632016,190.9919935,0
1996.861781,CREDIT,9333,3591,4,4502.824838,6897.912473,0
2691.604059,PAYMENT,6410,9758,21,5311.094963,9454.948606,0
4600.079526,PAYMENT,2455,7121,23,7457.176662,6321.201219,0
1738.266512,PAYMENT,7892,2200,5,8259.409191,4352.927242,0
1741.296477,TRANSFER,6808,3854,2,6965.614021,5251.538941,0
3690.131228,DEBIT,7796,8024,21,9240.729888,1996.288077,0
2266.567525,TRANSFER,5796,7972,0,8203.240881,7505.441638,0
1130.778066,CREDIT,6093,1136,19,5618.637898,7464.1983,0
2267.673186,PAYMENT,2325,2029,21,6714.060726,1455.173004,0
712.8765317,TRANSFER,5976,3594,15,9263.082769,8779.783825,0
890.1710627,TRANSFER,2159,8206,22,6191.680442,2691.897395,0
2496.855186,DEBIT,5650,1661,10,8248.06948,9822.560609,0
2100.437993,DEBIT,5987,3472,12,6888.105036,3829.03014,0
4575.081046,PAYMENT,5697,1086,9,5519.363611,1778.840587,0
1818.345557,TRANSFER,1340,7219,2,2418.381954,3517.201113,0
2907.135868,TRANSFER,4828,9143,8,4259.975195,4401.803287,0
3164.998797,DEBIT,2968,7968,11,9677.428248,693.0777304,0
75.34133838,TRANSFER,1703,3773,22,6577.653833,5782.183812,0
3321.051486,TRANSFER,6482,2700,13,5643.953803,5976.324399,0
898.3994747,TRANSFER,7376,3700,0,9329.566255,7389.304553,0
4805.740884,DEBIT,2800,7815,17,5865.11781,291.6989229,0
751.8270115,PAYMENT,6463,2647,16,5260.825184,5412.382144,1
2078.974377,CREDIT,5912,7038,8,7593.108552,529.0743327,0
435.8948437,PAYMENT,5648,6164,8,7126.65619,7011.4422,0
4984.402517,CREDIT,1855,6520,22,1931.600084,557.279857,0
2515.953102,TRANSFER,3866,4687,9,4713.082746,9117.278483,0
2980.971236,PAYMENT,1182,1596,18,4725.154428,7020.825669,0
344.7116222,CREDIT,4112,5545,14,3782.245152,5073.897651,0
3752.302747,DEBIT,6670,9676,4,5172.934822,4415.039233,0
1057.42891,DEBIT,5492,9837,14,4131.073977,1306.726304,0
4491.290904,PAYMENT,6823,5757,19,1993.454895,2909.993896,0
1033.646806,PAYMENT,2517,5384,22,4123.664873,8689.59105,0
961.5317261,TRANSFER,6002,9912,1,722.7694757,9044.528116,1
192.3828426,PAYMENT,2356,5733,12,5757.858628,7.477083705,0
2365.614056,TRANSFER,4629,8081,23,8536.545489,5941.363915,0
2828.557255,TRANSFER,4628,9690,15,7252.870844,7193.00609,0
337.8861107,DEBIT,9210,8117,14,3603.940401,6187.469825,0
3879.882807,DEBIT,7132,5729,9,870.7120558,816.7976487,0
2271.911285,CREDIT,7588,2673,13,2021.493992,2177.248988,0
2626.707444,DEBIT,4311,9306,9,5454.903405,2503.402674,0
2209.406107,DEBIT,7048,8178,13,2070.570834,8317.246313,0
2009.807674,PAYMENT,7246,3294,22,5439.731113,4631.994363,0
2802.605253,DEBIT,1987,4630,8,2315.990248,4868.282119,0
784.6488272,CREDIT,4321,1146,13,8489.238695,9348.930466,0
917.8213712,PAYMENT,5615,4453,2,3972.714728,6370.858889,0
4310.310249,CREDIT,9365,5507,19,2455.506259,8986.677016,0
4731.116156,DEBIT,4741,6783,15,8123.261802,4565.088553,0
1872.813488,CREDIT,4052,8751,1,3428.389648,1494.362585,0
1361.015919,PAYMENT,7574,6628,9,1114.876878,9299.355941,0
3223.557721,TRANSFER,1726,9328,2,5704.094914,4587.051157,0
2049.583514,CREDIT,4760,4360,10,5815.642044,1816.314219,0
136.6779147,CREDIT,6806,4005,10,7146.956752,3023.957403,0
789.2014609,PAYMENT,2875,4552,20,2402.194332,508.0258969,0
3582.701422,PAYMENT,7993,1018,20,4437.713391,4683.005915,0
3298.03047,CREDIT,5033,3242,21,2823.67919,8531.281719,0
145.2090026,DEBIT,6443,7318,12,809.5373612,9335.80456,0
1117.641088,CREDIT,1989,6097,6,8766.13827,9326.022075,0
1163.063235,PAYMENT,4744,9640,22,7288.698045,1252.300256,0
3362.744791,TRANSFER,9611,2948,16,3014.630595,3820.538825,0
108.3555834,TRANSFER,1593,6618,1,5993.729929,282.2875965,0
529.5018241,DEBIT,2774,5236,11,2012.637881,8551.65345,0
4001.581266,CREDIT,1935,7901,9,8902.366218,3587.55762,0
900.9378637,TRANSFER,4808,2920,17,1149.063434,6311.170279,0
3267.203078,CREDIT,1331,5188,21,38.37145508,7148.984381,0
1198.532077,PAYMENT,8922,1238,10,5020.081977,4298.446697,0
506.2125499,TRANSFER,3702,1204,15,5831.278235,3064.423366,0
1223.429233,DEBIT,6889,6552,16,5789.653203,9622.129101,0
3614.11199,PAYMENT,6054,5927,18,545.1192744,9644.88225,0
4279.925376,DEBIT,4868,5390,17,3140.438069,2894.36368,0
4152.797124,PAYMENT,5200,3687,2,4991.989468,4796.250967,0
1991.945813,TRANSFER,1201,5951,20,2165.791856,9728.441587,1
3343.744831,DEBIT,3497,7160,15,8726.258855,48.68407656,0
1032.871634,DEBIT,2842,6388,5,871.0928946,4126.782484,0
1472.807174,PAYMENT,5658,6126,11,4873.844417,1004.575497,1
4482.715734,DEBIT,8544,1816,10,6914.160575,5091.579656,0
74.87959832,PAYMENT,8718,1192,14,2617.511001,246.6995454,0
436.687569,PAYMENT,1770,2776,14,6242.40737,4068.984314,0
1047.352413,PAYMENT,4155,4645,15,8293.851501,2206.990748,0
142.3956973,PAYMENT,2628,7314,9,1903.369751,5333.083625,0
915.3628211,TRANSFER,1386,9442,11,9172.205918,9959.936491,0
2919.377389,PAYMENT,7031,2788,12,5535.585327,8005.361051,0
2112.908507,CREDIT,7439,8374,3,2992.320043,8456.420916,0
4464.431838,DEBIT,7401,4700,6,4308.582754,6352.649874,0
4089.043373,CREDIT,5008,4893,21,3121.918838,415.5984827,0
1715.668585,TRANSFER,3466,7811,1,7251.111599,2067.97676,0
1304.522933,CREDIT,3282,3679,14,7963.006634,9250.645564,0
1904.665117,DEBIT,2856,4904,7,8329.373923,3661.131179,0
2955.571763,CREDIT,8980,8260,6,9857.682496,1036.367265,1
1347.637568,TRANSFER,2998,1504,14,7912.842925,7024.053659,0
3124.50305,PAYMENT,6476,7773,22,6013.840707,2994.577239,1
2052.964144,CREDIT,5669,4816,13,3392.202984,2688.569129,0
2764.715432,TRANSFER,5318,1717,7,5445.954487,9979.774556,0
2186.27138,TRANSFER,8064,5434,11,410.6817279,8581.38925,0
1479.38414,DEBIT,8446,1658,12,7448.250755,4079.378184,1
4742.782002,DEBIT,2431,6057,10,4459.555451,9802.612078,1
3820.392913,CREDIT,6624,5008,16,200.2322973,6501.132234,0
709.1647471,PAYMENT,8461,5994,16,625.0694151,7420.224519,0
4343.6552,TRANSFER,2819,5234,23,3874.664638,315.1304308,0
2442.281679,CREDIT,2130,4764,3,5834.21519,1216.052593,0
4473.815612,TRANSFER,7563,5637,20,4642.03949,6330.851265,0
4001.277727,TRANSFER,3658,3104,7,6192.043173,8990.239826,0
2131.815387,PAYMENT,4500,7801,4,4802.942588,6237.437261,0
122.1218485,PAYMENT,9566,9575,15,6617.038455,1340.248943,0
1350.700023,CREDIT,3120,3607,3,2191.260647,1157.600462,0
2712.754731,PAYMENT,5020,9385,21,1128.431872,8441.858958,0
3171.056317,PAYMENT,4259,4719,14,5964.339546,1393.023387,0
1296.85955,CREDIT,2823,3581,11,4846.895169,5202.319605,1
705.3868096,PAYMENT,2474,3565,4,268.6765404,371.1331996,0
4176.301882,DEBIT,3242,3763,22,3804.818855,806.6976739,1
4922.166882,TRANSFER,4243,7328,15,1061.255855,6723.482676,0
2633.19401,TRANSFER,7990,6991,13,5313.568318,6891.814104,0
866.6796364,TRANSFER,6160,4406,9,3957.776797,3414.694066,0
1368.813559,TRANSFER,4134,9923,6,6131.519111,2156.097652,0
101.769476,CREDIT,3070,5780,12,8056.022188,8137.102708,0
4572.351045,TRANSFER,1359,5177,19,2996.686838,2171.032295,0
597.5779036,TRANSFER,2141,7476,4,9621.021042,5420.270697,0
2886.817213,TRANSFER,2635,3604,2,5356.345006,9682.088409,0
1377.535551,TRANSFER,5000,9181,14,6182.907988,1478.524379,0
2775.348233,DEBIT,4361,3382,3,6806.723732,9408.762675,0
3260.587738,TRANSFER,7583,1531,14,6667.315299,1828.930531,0
4150.4116,DEBIT,8835,7079,13,5109.70743,5674.43208,0
1040.042146,CREDIT,1006,1634,19,4287.642911,3770.07712,0
64.86918501,PAYMENT,4267,1002,18,537.8196418,9649.286015,1
693.059294,TRANSFER,7564,9397,12,220.858453,2735.42029,0
4501.093023,PAYMENT,5928,6951,9,3579.611945,3996.580021,0
4370.711487,PAYMENT,3606,6626,20,3336.608906,9828.601179,0
2991.09138,CREDIT,6906,8739,4,3876.951548,5364.703912,0
3006.579134,PAYMENT,4273,7003,22,1383.682009,5026.301156,0
3328.533006,DEBIT,8611,3890,19,7381.682705,2577.784882,1
885.1026803,PAYMENT,1913,7239,19,8569.644148,7013.635603,0
4572.91561,PAYMENT,3011,9026,5,9387.146354,143.7295178,0
2099.664919,PAYMENT,2442,4306,3,4923.623035,495.126297,0
1921.861256,TRANSFER,6546,1897,1,7008.656991,5993.585871,0
2599.399349,TRANSFER,2829,1670,21,8555.511234,3416.745738,0
244.3601742,DEBIT,9767,8291,15,4182.911111,9533.163722,0
839.7540101,DEBIT,7468,2505,17,3094.127949,9031.906907,0
3692.787746,TRANSFER,1929,7460,4,9367.245559,7137.062587,0
423.1653529,DEBIT,4699,6167,21,5156.765511,8181.455811,0
3019.729026,TRANSFER,2054,6255,3,4972.538866,6673.318497,0
1234.292057,CREDIT,6744,1249,12,1784.160966,1255.821027,0
1952.585114,PAYMENT,2900,7457,18,1081.550146,7655.433697,0
1450.581746,PAYMENT,7980,2892,22,8421.068625,2101.919687,0
1784.806855,DEBIT,8069,4439,1,6141.331762,3234.428551,0
3598.039067,TRANSFER,4415,3854,12,3258.24584,8192.342121,0
1492.637361,TRANSFER,1442,4792,10,1917.362174,5365.256084,0
2836.359155,DEBIT,7218,6330,21,5554.972802,8599.407142,0
2385.491507,TRANSFER,5652,8871,3,5839.192893,2130.353198,0
3321.719115,CREDIT,8939,9235,21,2069.936012,6077.784386,0
4684.780399,PAYMENT,8833,4612,19,8514.057479,837.9097255,0
3665.534765,DEBIT,8597,3618,19,842.6436616,6430.609935,0
1082.552489,DEBIT,5458,5678,14,3560.930852,7625.340378,0
165.603844,TRANSFER,7591,4163,3,6803.844138,5849.30894,0
1318.697581,DEBIT,3309,3942,8,2741.203638,2662.315015,0
2979.438874,CREDIT,7268,9411,6,8276.751948,313.4266886,0
266.6148093,TRANSFER,1910,2925,18,7398.678266,1194.48884,0
2486.867574,TRANSFER,5340,3972,18,7890.228445,6223.029791,0
2988.245816,TRANSFER,5009,1990,5,1191.065359,9344.202168,0
1677.877015,TRANSFER,7628,2812,5,1405.47128,2065.34404,0
3856.851897,CREDIT,3169,9995,19,2864.737377,7350.261491,0
541.9252831,TRANSFER,3172,1489,14,5180.771652,8664.510632,0
384.9375309,DEBIT,6668,6876,14,7480.160767,5208.821784,0
3643.661893,CREDIT,7313,4645,19,8365.308908,6692.657958,0
2482.501668,PAYMENT,9315,8081,8,7043.35316,8150.153167,0
3445.127958,PAYMENT,9036,3891,3,9285.968815,2606.751577,0
2179.78842,DEBIT,7789,4516,17,7387.435096,2968.956743,0
1239.546146,DEBIT,1785,4340,17,3062.67887,6.275166285,0
4097.320565,CREDIT,7139,7410,4,2650.812843,9630.941309,1
3999.085236,PAYMENT,7344,1053,19,6961.924503,9175.448946,0
3476.53539,PAYMENT,3416,3575,22,1928.705687,7645.682638,0
1368.004235,PAYMENT,9988,1615,10,927.1481081,790.7602098,0
2955.251028,PAYMENT,5154,6944,4,5322.228749,4475.028897,0
1811.259746,PAYMENT,6619,8404,21,8216.415698,1018.91754,1
466.9945459,TRANSFER,2936,1954,3,1013.798425,159.2026726,0
4587.394742,DEBIT,4807,2629,11,7918.913238,6161.829652,0
692.7249683,TRANSFER,8151,7859,1,8115.720044,9608.294171,0
4751.684396,PAYMENT,4236,9841,12,4822.740001,9028.680234,1
2235.568807,CREDIT,3352,4278,9,573.1031001,6967.548149,0
